"","Name","Position","Rank_combined","Rank_combined_1_16","Rank_combined_1_9","Rank_combined_1_21","Rank_combined_02_09","mddRank","tankRank","espnRank","buzz_rank","jeremiah_rank","ringer_rank","cbs_rank","Rank_average","Rank_combined_03_08"
"1","Travis Hunter","CB | WR",1,1,1,1,2,3,1,2,1,2,1,1,1.57142857142857,1
"2","Abdul Carter","EDGE",2,2,5,2,1,2,2,1,3,1,2,2,1.85714285714286,2
"3","Mason Graham","DL",3,4,2,4,3,5,3,3,4,4,4,3,3.71428571428571,3
"4","Ashton Jeanty","RB",4,9,8,7,6,8,5,5,2,3,3,11,5.28571428571429,4
"5","Will Campbell","OT",5,11,12,11,9,6,4,9,11,8,8,6,7.42857142857143,5
"6","Cameron Ward","QB",6,3,3,3,4,1,NA,10,8,10,10,8,7.83333333333333,6
"7","Will Johnson","CB",7,6,6,6,5,9,10,11,5,12,6,5,8.28571428571429,7
"8","Tetairoa McMillan","WR",8,7,7,8,8,7,6,15,9,15,5,7,9.14285714285714,8
"9","Tyler Warren","TE",9,19,19,16,11,11,9,4,16,5,9,19,10.4285714285714,9
"10","Kelvin Banks Jr","OT",11,8,NA,9,10,14,15,19,6,NA,NA,NA,13.5,11
"11","Mykel Williams","EDGE",12,13,11,12,13,13,12,6,18,16,19,16,14.2857142857143,12
"12","Shedeur Sanders","QB",13,5,4,5,7,4,7,34,10,11,11,24,14.4285714285714,13
"13","Colston Loveland","TE",15,23,22,23,23,23,17,13,24,7,14,15,16.1428571428571,15
"14","Jahdae Barron","CB",16,26,25,26,26,22,18,12,13,9,NA,35,18.1666666666667,16
"15","Josh Simmons","OT",17,15,17,17,18,20,21,8,17,30,12,20,18.2857142857143,17
"16","Walter Nolen","DL",19,16,15,18,20,21,22,16,19,26,NA,17,20.1666666666667,19
"17","Kenneth Grant","DL",20,22,23,22,25,19,20,18,21,18,16,30,20.2857142857143,20
"18","James Pearce Jr","EDGE",21,10,NA,10,12,17,24,36,7,NA,NA,NA,21,21
"19","Mike Green","EDGE",22,43,44,43,19,16,16,28,29,23,28,18,22.5714285714286,22
"20","Matthew Golden","WR",23,76,113,67,37,27,25,17,12,24,NA,34,23.1666666666667,23
"21","Malaki Starks","S",24,12,13,13,14,18,23,31,28,33,18,12,23.2857142857143,24
"22","Luther Burden III","WR",25,18,20,19,15,25,NA,32,14,32,24,13,23.3333333333333,25
"23","Jihaad Campbell","LB",26,31,34,30,33,26,19,27,41,13,NA,21,24.5,26
"24","Nick Emmanwori","S",27,27,28,27,28,29,26,29,20,21,NA,26,25.1666666666667,27
"25","Derrick Harmon","DL",28,25,26,24,32,30,30,21,30,22,21,29,26.1428571428571,28
"26","Tyler Booker","IOL",29,29,29,29,29,24,29,33,40,14,NA,25,27.5,29
"27","Emeka Egbuka","WR",30,20,21,20,21,28,27,50,25,25,15,28,28.2857142857143,30
"28","Nic Scourton","EDGE",31,14,14,15,22,34,35,23,31,NA,29,22,29,31
"29","Josh Conerly Jr","OT",32,37,NA,36,27,33,34,22,37,NA,NA,NA,31.5,32
"30","Omarion Hampton","RB",34,40,41,38,36,31,33,26,32,29,NA,66,36.1666666666667,34
"31","Shavon Revel Jr","CB",35,21,NA,21,24,37,37,45,26,NA,NA,NA,36.25,35
"32","Donovan Ezeiruaku","EDGE",36,75,73,77,59,35,32,25,67,28,25,42,36.2857142857143,36
"33","Benjamin Morrison","CB",37,24,24,25,31,40,40,24,45,45,NA,31,37.5,37
"34","Jaxson Dart","QB",38,93,106,87,44,38,44,40,39,41,NA,48,41.6666666666667,38
"35","Tyleik Williams","DL",39,32,32,32,34,47,45,37,42,NA,NA,47,43.6,39
"36","Donovan Jackson","IOL",40,50,51,50,46,36,36,41,82,31,NA,38,44,40
"37","Jack Sawyer","EDGE",41,44,47,44,41,43,50,95,33,40,30,37,46.8571428571429,41
"38","Aireontae Ersery","OT",42,33,31,33,35,42,43,61,48,NA,NA,41,47,42
"39","Azareye'h Thomas","CB",43,95,101,96,66,44,42,55,59,43,NA,39,47,43
"40","TJ Sanders","DL",44,52,NA,53,57,63,54,30,44,NA,NA,NA,47.75,44
"41","Kaleb Johnson","RB",45,46,46,46,50,60,49,39,43,NA,31,74,49.3333333333333,45
"42","TreVeyon Henderson","RB",46,62,69,60,62,45,41,44,55,36,NA,79,50,46
"43","Trey Amos","CB",47,47,45,47,47,48,53,67,51,NA,NA,36,51,47
"44","Alfred Collins","DL",48,48,49,49,55,55,47,52,56,50,NA,52,52,48
"45","Landon Jackson","EDGE",49,38,36,40,39,46,46,81,27,NA,NA,61,52.2,49
"46","JT Tuimoloau","EDGE",50,45,NA,45,45,52,51,51,49,NA,NA,62,53,50
"47","Princely Umanmielen","EDGE",51,42,42,42,43,54,62,102,35,NA,26,46,54.1666666666667,51
"48","Jonah Savaiinaea","IOL",52,36,37,37,40,57,59,53,47,NA,NA,55,54.2,52
"49","Tre Harris","WR",54,30,30,31,42,53,61,47,50,NA,NA,63,54.8,54
"50","Maxwell Hairston","CB",55,57,60,58,48,39,38,74,73,44,NA,67,55.8333333333333,55
"51","Carson Schwesinger","LB",56,143,163,140,58,65,48,54,83,37,NA,51,56.3333333333333,56
"52","Xavier Watts","S",57,71,75,71,78,64,55,43,46,NA,NA,78,57.2,57
"53","Omarr Norman-Lott","DL",58,56,57,59,79,68,63,46,70,NA,NA,40,57.4,58
"54","Mason Taylor","TE",59,84,89,80,73,62,56,35,78,35,NA,81,57.8333333333333,59
"55","Elijah Arroyo","TE",60,192,196,165,86,59,52,48,74,49,NA,68,58.3333333333333,60
"56","Cameron Williams","OT",61,28,27,28,38,50,68,70,38,NA,NA,69,59,61
"57","Deone Walker","DL",62,49,48,48,49,75,69,80,64,NA,32,43,60.5,62
"58","Darius Alexander","DL",63,189,195,198,93,41,39,64,126,NA,NA,45,63,63
"59","Wyatt Milum","OT",64,34,33,34,53,74,86,NA,36,NA,NA,57,63.25,64
"60","Quinshon Judkins","RB",65,55,54,57,63,58,65,69,66,34,NA,97,64.8333333333333,65
"61","Josaiah Stewart","EDGE",66,67,65,75,70,77,73,58,53,46,NA,102,68.1666666666667,66
"62","Jayden Higgins","WR",67,70,72,72,65,67,60,57,68,NA,NA,89,68.2,67
"63","Elic Ayomanor","WR",68,54,53,52,54,51,58,109,57,NA,NA,77,70.4,68
"64","Darien Porter","CB",69,94,91,92,72,56,64,83,76,NA,NA,75,70.8,69
"65","Bradyn Swinson","EDGE",70,66,62,66,80,91,71,42,60,NA,NA,100,72.8,70
"66","Jack Bech","WR",71,133,138,127,81,71,66,92,65,NA,NA,73,73.4,71
"67","Joshua Farmer","DL",72,196,221,190,134,80,74,59,117,39,NA,76,74.1666666666667,72
"68","Jalen Royals","WR",73,65,74,65,67,79,75,76,62,NA,NA,80,74.4,73
"69","Harold Fannin Jr","TE",74,63,NA,68,75,66,67,117,54,NA,NA,NA,76,74
"70","Dylan Sampson","RB",76,91,99,93,92,86,79,65,61,NA,NA,108,79.8,76
"71","Jalen Milroe","QB",77,39,39,39,60,49,72,66,95,NA,NA,118,80,77
"72","Kyle Kennard","EDGE",78,53,52,55,61,73,76,107,71,NA,NA,87,82.8,78
"73","Cameron Skattebo","RB",79,81,86,56,69,84,NA,NA,NA,NA,NA,NA,84,79
"74","Gunnar Helm","TE",80,89,94,83,87,89,87,94,91,NA,NA,59,84,80
"75","Ozzy Trapilo","OT",81,166,175,176,110,104,90,77,85,NA,NA,72,85.6,81
"76","Andrew Mukuba","S",82,85,90,86,91,92,81,111,87,NA,NA,60,86.2,82
"77","Denzel Burke","CB",83,83,84,85,99,102,NA,NA,88,NA,NA,70,86.6666666666667,83
"78","Demetrius Knight","LB",84,397,403,179,96,87,NA,NA,NA,NA,NA,NA,87,84
"79","Jared Ivey","EDGE",85,59,68,61,68,97,85,113,77,NA,NA,65,87.4,85
"80","Tate Ratledge","IOL",86,61,61,63,89,70,84,110,69,NA,NA,105,87.6,86
"81","Quinn Ewers","QB",87,51,50,51,64,83,94,73,92,NA,NA,107,89.8,87
"82","Isaiah Bond","WR",88,41,40,41,56,69,91,123,75,NA,NA,111,93.8,88
"83","Kevin Winston Jr","S",89,69,NA,70,84,103,78,98,98,NA,NA,NA,94.25,89
"84","Jared Wilson","IOL",90,137,141,149,112,95,89,90,106,NA,NA,93,94.6,90
"85","Tai Felton","WR",91,100,110,90,100,120,NA,NA,79,NA,NA,88,95.6666666666667,91
"86","Barrett Carter","LB",92,64,66,64,71,100,NA,114,80,NA,NA,92,96.5,92
"87","Tez Johnson","WR",93,78,76,76,76,93,99,88,100,NA,NA,103,96.6,93
"88","Ashton Gillotte","EDGE",94,87,87,89,98,105,96,121,97,NA,NA,64,96.6,94
"89","Jaylin Noel","WR",95,131,140,128,94,72,82,68,96,NA,NA,166,96.8,95
"90","Shemar Turner","DL",96,77,82,79,88,85,77,75,123,NA,NA,125,97,96
"91","Tyler Shough","QB",97,552,792,777,238,88,100,49,137,NA,NA,124,99.6,97
"92","Xavier Restrepo","WR",98,68,67,69,90,81,93,141,63,NA,NA,123,100.2,98
"93","Jordan Phillips","DL",99,310,324,155,83,101,92,106,109,NA,NA,94,100.4,99
"94","Terrance Ferguson","TE",100,146,151,146,117,116,83,85,118,NA,NA,106,101.6,100
"95","Savion Williams","WR",101,74,78,73,74,82,NA,104,93,NA,NA,129,102,101
"96","Charles Grant","IOL",102,117,121,108,123,94,97,149,94,NA,NA,85,103.8,102
"97","Chris Paul Jr","LB",103,120,NA,118,103,111,NA,119,84,NA,NA,NA,104.666666666667,103
"98","Smael Mondon Jr","LB",104,92,NA,88,97,119,NA,89,108,NA,NA,NA,105.333333333333,104
"99","Anthony Belton","OT",105,86,88,91,106,98,98,97,115,NA,NA,119,105.4,105
"100","Will Howard","QB",106,107,105,112,101,90,NA,78,103,NA,NA,152,105.75,106
"101","Zy Alexander","CB",107,82,85,84,85,122,NA,134,72,NA,NA,96,106,107
"102","Aeneas Peebles","DL",108,118,126,114,95,113,NA,129,138,NA,NA,50,107.5,108
"103","Saivion Jones","EDGE",109,186,186,210,122,108,NA,NA,NA,NA,NA,NA,108,109
"104","Emery Jones Jr","OT",110,80,NA,82,77,76,NA,125,124,NA,NA,NA,108.333333333333,110
"105","Billy Bowman Jr","S",111,102,NA,102,107,131,NA,82,116,NA,NA,NA,109.666666666667,111
"106","Jacob Parrish","CB",112,199,232,194,186,110,NA,101,125,NA,NA,104,110,112
"107","Ty Robinson","DL",113,122,100,119,114,106,NA,99,158,NA,NA,91,113.5,113
"108","Devin Neal","RB",114,96,96,97,113,115,NA,60,81,NA,NA,200,114,114
"109","Lathan Ransom","S",115,109,111,110,115,134,NA,NA,107,NA,NA,101,114,115
"110","Danny Stutsman","LB",116,79,83,81,125,112,NA,137,86,NA,NA,131,116.5,116
"111","JJ Pegues","DL",117,188,NA,134,165,125,NA,87,176,NA,NA,90,119.5,117
"112","Vernon Broughton","DL",118,151,173,160,202,167,NA,116,139,NA,NA,56,119.5,118
"113","Cobee Bryant","CB",119,134,149,143,132,118,NA,103,175,NA,NA,84,120,119
"114","Tory Horton","WR",120,104,109,98,108,109,NA,115,110,NA,NA,151,121.25,120
"115","Bhayshul Tuten","RB",121,202,210,178,210,99,NA,NA,151,NA,NA,115,121.666666666667,121
"116","Kyle McCord","QB",122,156,167,163,137,139,NA,NA,120,NA,NA,109,122.666666666667,122
"117","Ollie Gordon II","RB",123,106,107,103,120,117,95,NA,164,NA,NA,116,123,123
"118","Dillon Gabriel","QB",124,141,148,153,142,124,NA,NA,128,NA,NA,121,124.333333333333,124
"119","Quincy Riley","CB",125,169,166,159,136,128,NA,72,171,NA,NA,130,125.25,125
"120","Brashard Smith","RB",126,218,212,218,160,158,NA,147,111,NA,NA,86,125.5,126
"121","Jeffrey Bassa","LB",127,178,194,188,133,121,NA,NA,127,NA,NA,133,127,127
"122","David Walker","EDGE",128,160,207,162,154,130,NA,145,157,NA,NA,95,131.75,128
"123","Pat Bryant","WR",129,147,161,145,126,142,NA,135,140,NA,NA,110,131.75,129
"124","Jamaree Caldwell","DL",130,142,188,138,151,107,NA,NA,131,NA,NA,161,133,130
"125","CJ West","DL",131,231,NA,187,153,114,NA,148,213,NA,NA,58,133.25,131
"126","Dylan Fairchild","IOL",132,101,97,101,116,154,NA,132,105,NA,NA,143,133.5,132
"127","Sebastian Castro","S",133,103,103,104,102,153,NA,146,89,NA,NA,147,133.75,133
"128","Damien Martinez","RB",134,204,222,208,140,161,NA,100,148,NA,NA,132,135.25,134
"129","RJ Harvey Jr","RB",135,205,NA,214,131,137,NA,NA,NA,NA,NA,NA,137,135
"130","Oluwafemi Oladejo","EDGE",136,288,274,255,182,96,NA,71,238,NA,NA,149,138.5,136
"131","Barryn Sorrell","EDGE",137,243,277,245,195,193,NA,91,NA,NA,NA,136,140,137
"132","Logan Brown","OT",139,379,396,376,225,194,NA,84,144,NA,NA,154,144,139
"133","Malachi Moore","S",140,88,102,94,129,156,NA,NA,104,NA,NA,175,145,140
"134","Dorian Strong","CB",141,116,118,107,118,138,NA,93,163,NA,NA,189,145.75,141
"135","Clay Webb","IOL",142,237,240,196,193,173,NA,NA,NA,NA,NA,120,146.5,142
"136","Tyler Baron","EDGE",143,108,117,105,111,152,NA,NA,149,NA,NA,142,147.666666666667,143
"137","Que Robinson","EDGE",144,308,296,303,232,189,NA,140,NA,NA,NA,114,147.666666666667,144
"138","Jonas Sanker","S",145,164,177,166,162,135,NA,127,212,NA,NA,117,147.75,145
"139","Cody Simon","LB",146,185,323,185,168,143,NA,126,129,NA,NA,193,147.75,146
"140","Nohl Williams","CB",147,264,267,191,119,126,NA,NA,177,NA,NA,145,149.333333333333,147
"141","Kobe King","LB",148,222,219,216,174,146,NA,NA,130,NA,NA,172,149.333333333333,148
"142","DJ Giddens","RB",149,139,NA,131,158,127,NA,NA,165,NA,NA,159,150.333333333333,149
"143","Jah Joyner","EDGE",151,248,245,260,204,155,NA,NA,152,NA,NA,144,150.333333333333,151
"144","Jamon Dumas-Johnson","LB",152,127,125,130,127,147,NA,NA,NA,NA,NA,155,151,152
"145","Ajani Cornelius","OT",153,119,120,109,105,172,NA,138,166,NA,NA,128,151,153
"146","Jackson Slater","IOL",154,444,456,446,183,166,NA,112,143,NA,NA,185,151.5,154
"147","Mitchell Evans","TE",155,135,158,126,147,150,NA,NA,142,NA,NA,164,152,155
"148","Bilhal Kone","CB",156,303,241,314,268,207,NA,NA,NA,NA,NA,98,152.5,156
"149","Chase Lundt","OT",157,161,170,148,177,133,NA,143,161,NA,NA,174,152.75,157
"150","Miles Frazier","IOL",158,223,211,207,212,132,NA,96,240,NA,NA,148,154,158
"151","Upton Stout","CB",159,198,203,204,200,186,NA,120,178,NA,NA,138,155.5,159
"152","Jaylen Reed","S",160,182,169,142,152,169,NA,118,179,NA,NA,160,156.5,160
"153","Nick Martin","LB",161,228,227,243,203,170,NA,NA,NA,NA,NA,146,158,161
"154","Ricky White","WR",162,200,218,144,121,159,NA,NA,NA,NA,NA,NA,159,162
"155","Jaylin Smith","CB",163,216,237,213,221,235,NA,130,NA,NA,NA,113,159.333333333333,163
"156","Jake Briningstool","TE",164,148,116,175,171,136,NA,NA,159,NA,NA,186,160.333333333333,164
"157","Caleb Rogers","IOL",165,280,841,288,281,140,NA,NA,NA,NA,NA,183,161.5,165
"158","Justin Walley","CB",166,126,157,124,191,192,NA,NA,NA,NA,NA,134,163,166
"159","Riley Leonard","QB",167,174,182,173,146,157,NA,NA,101,NA,NA,234,164,167
"160","Tahj Brooks","RB",168,180,180,164,167,210,NA,NA,122,NA,NA,163,165,168
"161","Jalen Rivers","OT",169,177,208,193,178,168,NA,142,NA,NA,NA,187,165.666666666667,169
"162","Oronde Gadsden II","TE",170,136,146,147,144,183,NA,NA,180,NA,NA,137,166.666666666667,170
"163","Kaimon Rucker","EDGE",171,167,156,170,156,184,NA,NA,145,NA,NA,171,166.666666666667,171
"164","Mello Dotson","CB",172,130,136,129,139,191,NA,NA,133,NA,NA,176,166.666666666667,172
"165","Trevor Etienne","RB",173,187,176,195,155,123,NA,136,220,NA,NA,197,169,173
"166","Jordan James","RB",174,105,122,132,170,178,NA,108,119,NA,NA,278,170.75,174
"167","Antwaun Powell-Ryland","EDGE",175,110,123,116,109,162,NA,NA,NA,NA,NA,182,172,175
"168","Jackson Hawes","TE",176,227,226,250,263,149,NA,133,NA,NA,NA,235,172.333333333333,176
"169","Kalel Mullings","RB",177,152,147,135,145,242,NA,NA,113,NA,NA,169,174.666666666667,177
"170","Seth McLaughlin","IOL",178,145,160,150,149,141,NA,86,NA,NA,NA,299,175.333333333333,178
"171","Jimmy Horn Jr","WR",179,320,NA,272,288,176,NA,NA,NA,NA,NA,NA,176,179
"172","Kobe Hudson","WR",180,226,206,189,207,198,NA,NA,200,NA,NA,141,179.666666666667,180
"173","Carson Vinson","IOL",182,224,201,219,234,190,NA,128,216,NA,NA,191,181.25,182
"174","Kyle Monangai","RB",183,191,205,192,194,197,NA,NA,197,NA,NA,150,181.333333333333,183
"175","Joshua Gray","IOL",184,214,197,222,201,181,NA,NA,192,NA,NA,173,182,184
"176","Luke Kandra","IOL",185,150,162,136,143,151,NA,NA,114,NA,NA,289,184.666666666667,185
"177","Nick Nash","WR",186,207,280,224,196,185,NA,NA,141,NA,NA,233,186.333333333333,186
"178","Kyle Williams","WR",187,824,NA,824,241,145,NA,NA,196,NA,NA,222,187.666666666667,187
"179","Donovan Edwards","RB",188,276,276,233,265,195,NA,NA,186,NA,NA,184,188.333333333333,188
"180","Jack Kiser","LB",189,195,225,202,166,171,NA,NA,198,NA,NA,198,189,189
"181","Howard Cross III","DL",190,121,124,117,157,199,NA,NA,214,NA,NA,165,192.666666666667,190
"182","Tommi Hill","CB",191,155,164,157,141,148,NA,NA,153,NA,NA,279,193.333333333333,191
"183","Jarquez Hunter","RB",192,230,223,230,211,233,NA,NA,223,NA,NA,126,194,192
"184","Jalen Travis","OT",193,193,266,215,244,164,NA,NA,NA,NA,NA,226,195,193
"185","Jordan Hancock","CB",194,165,193,169,161,180,NA,NA,199,NA,NA,207,195.333333333333,194
"186","Jay Higgins","LB",195,115,114,106,124,174,NA,NA,182,NA,NA,231,195.666666666667,195
"187","Tyler Batty","EDGE",196,261,268,174,199,234,NA,NA,225,NA,NA,139,199.333333333333,196
"188","Jalen McLeod","LB",197,349,350,352,264,259,NA,NA,184,NA,NA,158,200.333333333333,197
"189","Jack Nelson","OT",198,128,131,122,130,196,NA,NA,170,NA,NA,237,201,198
"190","Cam Jackson","DL",199,212,220,203,255,202,NA,NA,221,NA,NA,180,201,199
"191","Tonka Hemingway","DL",200,215,224,205,239,226,NA,NA,NA,NA,NA,179,202.5,200
"192","Jonah Monheim","IOL",201,162,152,133,163,230,NA,131,162,NA,NA,294,204.25,201
"193","Raheim Sanders","RB",202,154,171,152,187,214,NA,NA,146,NA,NA,255,205,202
"194","Corey Kiner","RB",203,229,288,221,277,291,NA,NA,187,NA,NA,140,206,203
"195","Hollin Pierce","OT",204,157,178,151,138,165,NA,NA,112,NA,NA,345,207.333333333333,204
"196","CJ Dippre","TE",205,404,NA,427,296,204,NA,NA,NA,NA,NA,211,207.5,205
"197","Ty Hamilton","DL",206,170,159,158,189,179,NA,122,239,NA,NA,293,208.25,206
"198","Connor Colby","IOL",207,176,209,180,197,177,NA,NA,173,NA,NA,277,209,207
"199","O'Donnell Fortune","CB",208,272,254,267,175,206,NA,NA,121,NA,NA,301,209.333333333333,208
"200","Phil Mafah","RB",209,172,187,182,164,265,NA,NA,167,NA,NA,196,209.333333333333,209
"201","Jaydon Blue","RB",210,435,446,436,489,163,NA,NA,NA,NA,NA,258,210.5,210
"202","Jake Majors","IOL",211,111,112,113,135,208,NA,NA,102,NA,NA,323,211,211
"203","Rylie Mills","DL",212,153,155,156,172,224,NA,NA,132,NA,NA,280,212,212
"204","RJ Mickens","S",213,424,NA,424,309,220,NA,NA,206,NA,NA,NA,213,213
"205","Robert Longerbeam","CB",214,269,700,287,220,245,NA,NA,207,NA,NA,190,214,214
"206","Shemar James","LB",215,347,366,350,230,215,NA,150,226,NA,NA,268,214.75,215
"207","Tyrion Ingram-Dawkins","EDGE",216,238,579,258,393,255,NA,NA,NA,NA,NA,178,216.5,216
"208","Brandon Adams","CB",217,232,217,231,179,217,NA,NA,NA,NA,NA,NA,217,217
"209","Mac McWilliams","S",218,274,842,285,270,254,NA,NA,227,NA,NA,170,217,218
"210","Collin Oliver","EDGE",219,284,282,281,302,278,NA,NA,NA,NA,NA,157,217.5,219
"211","Keandre Lambert-Smith","WR",220,327,314,332,411,218,NA,NA,NA,NA,NA,NA,218,220
"212","Nazir Stackhouse","DL",221,132,132,125,185,188,NA,NA,193,NA,NA,275,218.666666666667,221
"213","Willie Lampkin","IOL",222,350,359,181,240,160,NA,NA,169,NA,NA,330,219.666666666667,222
"214","Isaac TeSlaa","WR",223,709,720,707,311,212,NA,NA,228,NA,NA,NA,220,223
"215","Trey Wedig","OT",224,461,633,625,206,232,NA,NA,NA,NA,NA,208,220,224
"216","Dante Trader Jr","S",225,217,NA,225,209,222,NA,NA,NA,NA,NA,NA,222,225
"217","Moliki Matavao","TE",226,823,840,823,303,241,NA,NA,NA,NA,NA,203,222,226
"218","Jason Marshall Jr","CB",227,140,NA,139,216,262,NA,NA,183,NA,NA,NA,222.5,227
"219","Antwane Wells Jr","WR",228,171,NA,177,198,263,NA,NA,185,NA,NA,NA,224,228
"220","Tyler Cooper","IOL",229,244,NA,247,190,253,NA,NA,168,NA,NA,261,227.333333333333,229
"221","Caleb Ransaw","S",230,307,318,312,246,205,NA,NA,NA,NA,NA,250,227.5,230
"222","Jo'Quavious Marks","RB",231,112,128,154,180,228,NA,NA,NA,NA,NA,NA,228,231
"223","Konata Mumpfield","WR",232,666,674,665,359,251,NA,NA,NA,NA,NA,206,228.5,232
"224","Jermari Harris","CB",233,113,108,123,148,246,NA,NA,218,NA,NA,225,229.666666666667,233
"225","Gerad Christian-Lichtenhan","OT",234,267,NA,273,322,250,NA,NA,NA,NA,NA,210,230,234
"226","Teddye Buchanan","LB",236,317,334,323,275,229,NA,NA,234,NA,NA,NA,231.5,236
"227","Akili Arnold","S",237,366,370,370,235,258,NA,NA,205,NA,NA,NA,231.5,237
"228","Brandon Crenshaw-Dickson","OT",238,247,338,254,245,209,NA,NA,NA,NA,NA,256,232.5,238
"229","Bru McCoy","WR",239,339,342,339,312,225,NA,NA,NA,NA,NA,241,233,239
"230","Fadil Diggs","EDGE",240,219,234,209,252,203,NA,NA,232,NA,NA,269,234.666666666667,240
"231","Jabbar Muhammad","CB",241,158,154,171,188,223,NA,NA,229,NA,NA,252,234.666666666667,241
"232","Kurtis Rourke","QB",242,181,172,186,169,200,NA,NA,135,NA,NA,371,235.333333333333,242
"233","Jacory Croskey-Merritt","RB",243,372,379,375,282,221,NA,NA,NA,NA,NA,253,237,243
"234","LaJohntay Wester","WR",244,326,310,237,236,244,NA,NA,231,NA,NA,238,237.666666666667,244
"235","Simeon Barrow Jr","DL",245,201,NA,217,205,272,NA,NA,204,NA,NA,NA,238,245
"236","Chimere Dike","WR",246,633,641,633,316,248,NA,NA,202,NA,NA,267,239,246
"237","Ja'Quinden Jackson","RB",247,282,252,282,222,261,NA,NA,209,NA,NA,247,239,247
"238","Roc Taylor","WR",248,331,335,325,293,281,NA,NA,190,NA,NA,246,239,248
"239","Isas Waxter","CB",249,445,458,447,348,311,NA,NA,NA,NA,NA,167,239,249
"240","Kaden Prather","WR",250,163,204,199,184,182,NA,NA,NA,NA,NA,298,240,250
"241","LeQuint Allen Jr","RB",251,263,NA,269,213,240,NA,NA,NA,NA,NA,NA,240,251
"242","Jared Harrison-Hunte","DL",252,559,578,557,563,243,NA,NA,NA,NA,NA,240,241.5,252
"243","Francisco Mauigoa","LB",253,221,255,227,291,295,NA,NA,NA,NA,NA,188,241.5,253
"244","Garrett Dellinger","IOL",254,262,258,276,219,227,NA,NA,NA,NA,NA,257,242,254
"245","Jaylin Lane","WR",255,245,202,263,227,249,NA,NA,NA,NA,NA,239,244,255
"246","Yahya Black","DL",256,183,179,197,228,294,NA,NA,NA,NA,NA,195,244.5,256
"247","Hunter Wohler","S",257,242,235,242,243,292,NA,NA,NA,NA,NA,199,245.5,257
"248","Ja'Corey Brooks","WR",258,159,183,168,176,236,NA,NA,222,NA,NA,281,246.333333333333,258
"249","Thomas Perry","IOL",259,423,432,423,479,247,NA,NA,NA,NA,NA,NA,247,259
"250","Traeshon Holden","WR",260,337,333,336,417,297,NA,NA,NA,NA,NA,201,249,260
"251","Luke Lachey","TE",261,129,137,137,181,187,NA,NA,191,NA,NA,370,249.333333333333,261
"252","John Williams","OT",262,293,243,307,294,270,NA,NA,NA,NA,NA,229,249.5,262
"253","Zakhari Franklin","WR",263,258,337,262,259,257,NA,NA,NA,NA,NA,244,250.5,263
"254","Ryan Fitzgerald","K",264,278,269,283,274,347,NA,NA,155,NA,NA,254,252,264
"255","Eugene Asante","LB",265,306,312,315,364,260,NA,NA,NA,NA,NA,245,252.5,265
"256","Arian Smith","WR",266,399,411,397,242,267,NA,144,NA,NA,NA,354,255,266
"257","Benjamin Yurosek","TE",267,225,291,246,223,256,NA,NA,NA,NA,NA,NA,256,267
"258","Davin Vann","DL",268,343,339,319,326,319,NA,NA,NA,NA,NA,194,256.5,268
"259","Zeek Biggers","DL",269,574,NA,571,310,252,NA,NA,230,NA,NA,288,256.666666666667,269
"260","Gus Hartwig","IOL",270,352,351,357,367,312,NA,NA,NA,NA,NA,204,258,270
"261","Eric Gregory","DL",271,333,347,331,278,306,NA,NA,NA,NA,NA,212,259,271
"262","Rayuan Lane III","S",273,203,344,226,248,322,NA,NA,NA,NA,NA,202,262,273
"263","Beaux Collins","WR",274,252,399,335,441,323,NA,NA,NA,NA,NA,205,264,274
"264","Jasheen Davis","EDGE",275,309,316,316,330,309,NA,NA,NA,NA,NA,221,265,275
"265","Xavier Truss","OT",276,197,230,201,214,273,NA,NA,NA,NA,NA,260,266.5,276
"266","Isheem Young","S",277,755,767,753,780,324,NA,NA,NA,NA,NA,209,266.5,277
"267","Karene Reid","LB",279,297,292,291,266,338,NA,NA,189,NA,NA,276,267.666666666667,279
"268","Davonte Brown","CB",280,662,670,661,693,325,NA,NA,NA,NA,NA,213,269,280
"269","Gavin Bartholomew","TE",281,236,295,321,352,266,NA,NA,NA,NA,NA,273,269.5,281
"270","Drew Kendall","IOL",282,275,273,235,256,285,NA,139,NA,NA,NA,386,270,282
"271","Graham Mertz","QB",284,370,373,372,437,314,NA,NA,NA,NA,NA,227,270.5,284
"272","Warren Brinson","DL",285,301,294,304,304,271,NA,NA,NA,NA,NA,272,271.5,285
"273","Warren Brinson","DL",285,301,294,310,304,271,NA,NA,NA,NA,NA,272,271.5,285
"274","Warren Brinson","DL",285,301,294,304,308,271,NA,NA,NA,NA,NA,272,271.5,285
"275","Warren Brinson","DL",285,301,294,310,308,271,NA,NA,NA,NA,NA,272,271.5,285
"276","Craig Woodson","S",286,239,231,240,224,238,NA,NA,208,NA,NA,369,271.666666666667,286
"277","Malcolm Ray","DL",288,411,415,411,468,328,NA,NA,NA,NA,NA,216,272,288
"278","Woodi Washington","CB",290,726,737,724,751,329,NA,NA,NA,NA,NA,218,273.5,290
"279","Fentrell Cypress","CB",291,283,377,248,258,274,NA,NA,NA,NA,NA,NA,274,291
"280","Nash Hutmacher","DL",292,311,289,322,407,315,NA,NA,NA,NA,NA,236,275.5,292
"281","Shamari Simmons","CB",293,355,355,358,349,331,NA,NA,NA,NA,NA,223,277,293
"282","Dont'e Thornton","WR",294,328,317,333,328,279,NA,NA,NA,NA,NA,NA,279,294
"283","Tim Smith","DL",295,292,299,293,218,269,NA,NA,NA,NA,NA,291,280,295
"284","Theo Wease","WR",296,348,349,354,229,280,NA,NA,NA,NA,NA,NA,280,296
"285","Jeremy Crawshaw","P",297,534,555,534,439,320,NA,NA,237,NA,NA,285,280.666666666667,297
"286","Jalin Conyers","TE",298,266,238,295,298,175,NA,NA,NA,NA,NA,387,281,298
"287","James Burnip","P",301,410,428,408,361,425,NA,NA,154,NA,NA,270,283,301
"288","Jared Penning","OT",302,771,784,770,796,335,NA,NA,NA,NA,NA,232,283.5,302
"289","Maxen Hook","S",303,257,250,261,173,201,NA,NA,NA,NA,NA,373,287,303
"290","Johnny Walker Jr","EDGE",304,313,NA,324,305,289,NA,NA,NA,NA,NA,NA,289,304
"291","RJ Oben","EDGE",306,296,NA,296,217,231,NA,NA,NA,NA,NA,349,290,306
"292","Montrell Johnson","RB",307,597,604,257,397,290,NA,NA,NA,NA,NA,NA,290,307
"293","Marcus Yarns","RB",308,314,326,268,247,216,NA,NA,NA,NA,NA,365,290.5,308
"294","Caden Prieskorn","TE",309,249,249,256,233,296,NA,NA,NA,NA,NA,286,291,309
"295","Cam Horsley","DL",310,299,308,300,237,275,NA,NA,217,NA,NA,382,291.333333333333,310
"296","Junior Tafuna","DL",311,760,773,759,786,286,NA,NA,NA,NA,NA,303,294.5,311
"297","Cody Lindenberg","LB",314,233,275,229,192,237,NA,NA,NA,NA,NA,361,299,314
"298","Cooper Mays","IOL",315,168,216,184,269,299,NA,NA,NA,NA,NA,NA,299,315
"299","Kitan Crawford","S",317,643,651,643,675,288,NA,NA,236,NA,NA,388,304,317
"300","Max Brosmer","QB",319,413,417,413,280,276,NA,NA,NA,NA,NA,334,305,319
"301","Brant Kuithe","TE",321,234,281,238,286,369,NA,NA,233,NA,NA,317,306.333333333333,321
"302","Brady Cook","QB",322,289,421,279,402,302,NA,NA,NA,NA,NA,316,309,322
"303","Monaray Baldwin","WR",323,601,608,600,635,310,NA,NA,NA,NA,NA,NA,310,323
"304","Ethan Downs","EDGE",324,294,248,306,401,239,NA,NA,NA,NA,NA,384,311.5,324
"305","Jailin Walker","LB",325,250,375,274,292,313,NA,NA,NA,NA,NA,NA,313,325
"306","Payton Page","DL",328,588,595,588,624,364,NA,NA,NA,NA,NA,271,317.5,328
"307","Hayden Conner","IOL",329,209,239,212,262,367,NA,NA,210,NA,NA,377,318,329
"308","Alijah Clark","S",331,322,321,318,435,268,NA,NA,NA,NA,NA,372,320,331
"309","Marcus Wehr","IOL",332,321,309,329,317,345,NA,NA,NA,NA,NA,295,320,332
"310","Donovan Smith","QB",333,259,329,232,314,321,NA,NA,NA,NA,NA,NA,321,333
"311","Jay Toia","DL",334,246,246,251,254,339,NA,NA,NA,NA,NA,309,324,334
"312","RJ Moten","S",335,656,NA,655,688,327,NA,NA,NA,NA,NA,NA,327,335
"313","Daniel Jackson","WR",336,302,256,313,369,282,NA,NA,NA,NA,NA,375,328.5,336
"314","Jordan Watkins","WR",338,680,688,679,709,318,NA,NA,NA,NA,NA,343,330.5,338
"315","Kain Medrano","LB",339,415,419,415,471,264,NA,NA,NA,NA,NA,398,331,339
"316","Glendon Miller","S",340,324,315,311,350,300,NA,NA,NA,NA,NA,363,331.5,340
"317","Joe Huber","IOL",341,821,838,821,378,277,NA,NA,NA,NA,NA,390,333.5,341
"318","Moose Muhammad III","WR",343,367,436,367,391,333,NA,NA,NA,NA,NA,340,336.5,343
"319","Elijhah Badger","WR",344,251,184,271,253,283,NA,NA,NA,NA,NA,393,338,344
"320","Tyreem Powell","LB",345,241,271,249,301,355,NA,NA,NA,NA,NA,322,338.5,345
"321","Corey Thornton","CB",346,211,263,239,340,341,NA,NA,NA,NA,NA,NA,341,346
"322","Seth Coleman","EDGE",348,717,728,715,743,399,NA,NA,NA,NA,NA,284,341.5,348
"323","Samuel Brown","WR",349,268,311,265,267,342,NA,NA,NA,NA,NA,NA,342,349
"324","Myles Hinton","OT",350,369,662,381,443,304,NA,NA,NA,NA,NA,383,343.5,350
"325","Will Sheppard","WR",352,210,253,234,299,337,NA,NA,NA,NA,NA,352,344.5,352
"326","Jacolby George","WR",353,565,572,564,358,343,NA,NA,NA,NA,NA,346,344.5,353
"327","Marques Cox","OT",356,784,799,784,390,301,NA,NA,NA,NA,NA,396,348.5,356
"328","Amin Vanover","EDGE",358,408,413,409,466,350,NA,NA,NA,NA,NA,NA,350,358
"329","Deshawn Pace","S",359,449,470,449,320,449,NA,NA,NA,NA,NA,251,350,359
"330","Rivaldo Fairweather","TE",360,661,669,660,376,340,NA,NA,NA,NA,NA,362,351,360
"331","Quentin Skinner","WR",361,316,297,326,408,351,NA,NA,NA,NA,NA,NA,351,361
"332","David Gbenda","LB",362,329,319,341,362,352,NA,NA,NA,NA,NA,NA,352,362
"333","Garnett Hollis Jr","CB",364,277,NA,286,285,353,NA,NA,NA,NA,NA,NA,353,364
"334","Omari Thomas","DL",366,345,361,348,261,356,NA,NA,NA,NA,NA,NA,356,366
"335","Tamuarion Wilson","LB",368,330,320,334,370,357,NA,NA,NA,NA,NA,NA,357,368
"336","Ulysses Bentley IV","RB",369,332,325,338,413,383,NA,NA,NA,NA,NA,331,357,369
"337","Gaethan Bernadel","LB",370,371,376,373,438,358,NA,NA,NA,NA,NA,NA,358,370
"338","Amari Kight","OT",371,578,NA,578,843,359,NA,NA,NA,NA,NA,NA,359,371
"339","Steve Linton","EDGE",372,526,752,526,765,373,NA,NA,NA,NA,NA,347,360,372
"340","Trey Rucker","S",373,356,356,359,425,457,NA,NA,NA,NA,NA,264,360.5,373
"341","Seth Henigan","QB",374,439,451,441,319,361,NA,NA,NA,NA,NA,NA,361,374
"342","Marcus Harris","CB",375,613,620,612,647,392,NA,NA,NA,NA,NA,333,362.5,375
"343","Jestin Jacobs","LB",376,725,736,723,386,442,NA,NA,NA,NA,NA,283,362.5,376
"344","De'Rickey Wright","S",377,346,383,349,306,371,NA,NA,NA,NA,NA,357,364,377
"345","Dominic Lovett","WR",378,341,357,342,363,396,NA,NA,NA,NA,NA,332,364,378
"346","Jacob Gideon","IOL",379,281,823,228,307,365,NA,NA,NA,NA,NA,NA,365,379
"347","Nash Jones","IOL",380,830,NA,829,848,332,NA,NA,NA,NA,NA,400,366,380
"348","Malik Verdon","S",381,285,287,280,399,391,NA,NA,NA,NA,NA,341,366,381
"349","Carson Bruener","LB",382,375,382,378,327,407,NA,NA,NA,NA,NA,325,366,382
"350","Da'Quan Felton","WR",383,305,306,308,356,362,NA,NA,NA,NA,NA,374,368,383
"351","Thor Griffith","DL",384,206,257,206,215,368,NA,NA,NA,NA,NA,NA,368,384
"352","Power Echols","LB",385,256,404,241,346,366,NA,NA,NA,NA,NA,381,373.5,385
"353","Eli Cox","IOL",388,291,285,289,342,446,NA,NA,NA,NA,NA,305,375.5,388
"354","DeAndre Jules","DL",389,741,753,739,766,400,NA,NA,NA,NA,NA,353,376.5,389
"355","Bryson Nesbit","TE",390,279,279,275,271,360,NA,NA,NA,NA,NA,394,377,390
"356","Sean Martin","DL",392,353,353,355,423,370,NA,NA,NA,NA,NA,385,377.5,392
"357","Dymere Miller","WR",393,334,330,340,414,378,NA,NA,NA,NA,NA,NA,378,393
"358","Xavier Carlton","EDGE",395,409,414,410,467,380,NA,NA,NA,NA,NA,NA,380,395
"359","Greg Penn III","LB",396,344,346,351,337,381,NA,NA,NA,NA,NA,NA,381,396
"360","Jordan Oladokun","CB",400,594,601,594,355,384,NA,NA,NA,NA,NA,NA,384,400
"361","JJ Weaver","EDGE",401,727,NA,725,366,385,NA,NA,NA,NA,NA,NA,385,401
"362","Andrew Armstrong","WR",403,376,445,253,329,414,NA,NA,NA,NA,NA,358,386,403
"363","Marcus Tate","IOL",404,298,262,298,372,434,NA,NA,NA,NA,NA,338,386,404
"364","BJ Green","DL",407,590,NA,590,626,388,NA,NA,NA,NA,NA,NA,388,407
"365","Dartanyan Tinsley","IOL",408,336,332,344,416,389,NA,NA,NA,NA,NA,NA,389,408
"366","Danny Striggow","EDGE",409,684,692,683,713,390,NA,NA,NA,NA,NA,NA,390,409
"367","Alex Mastromanno","P",410,479,500,478,405,573,NA,NA,211,NA,NA,NA,392,410
"368","Aiden Williams","IOL",415,295,286,305,403,401,NA,NA,NA,NA,NA,NA,401,415
"369","Kenny Gallop Jr","S",419,300,NA,223,272,404,NA,NA,NA,NA,NA,NA,404,419
"370","Javontez Spraggins","IOL",421,425,434,425,421,465,NA,NA,NA,NA,NA,344,404.5,421
"371","Aubrey Burks","S",422,312,328,297,251,405,NA,NA,NA,NA,NA,NA,405,422
"372","Will Rogers","QB",423,472,494,471,490,547,NA,NA,NA,NA,NA,263,405,423
"373","Tysheem Johnson","S",424,304,272,302,300,406,NA,NA,NA,NA,NA,NA,406,424
"374","John Pius","EDGE",427,443,455,445,497,495,NA,NA,NA,NA,NA,327,411,427
"375","Aaron Smith","LB",428,342,378,345,287,412,NA,NA,NA,NA,NA,NA,412,428
"376","Shilo Sanders","S",429,260,260,264,279,413,NA,NA,NA,NA,NA,NA,413,429
"377","Jahvaree Ritzie","DL",431,270,301,259,400,452,NA,NA,NA,NA,NA,380,416,431
"378","Elijah Alston","EDGE",432,373,380,377,332,417,NA,NA,NA,NA,NA,NA,417,432
"379","Austin Brinkman","LS",433,361,364,364,331,418,NA,NA,NA,NA,NA,NA,418,433
"380","Joseph Evans","DL",434,807,824,807,334,420,NA,NA,NA,NA,NA,NA,420,434
"381","EJ Smith","RB",436,644,NA,644,676,535,NA,NA,NA,NA,NA,307,421,436
"382","Joey Hobert","WR",437,829,NA,828,338,422,NA,NA,NA,NA,NA,NA,422,437
"383","Quinn Schulte","S",440,773,787,772,347,427,NA,NA,NA,NA,NA,NA,427,440
"384","Brian Stevens","IOL",443,805,821,805,357,430,NA,NA,NA,NA,NA,NA,430,443
"385","Donovan McMillon","S",444,576,584,576,260,431,NA,NA,NA,NA,NA,NA,431,444
"386","Jalen Kimber","CB",446,634,642,634,666,530,NA,NA,NA,NA,NA,335,432.5,446
"387","Lawrance Toafili","RB",448,689,697,688,718,562,NA,NA,NA,NA,NA,304,433,448
"388","Josh Priebe","IOL",449,220,340,211,385,436,NA,NA,NA,NA,NA,NA,436,449
"389","Aaron Lewis","EDGE",450,685,693,684,714,559,NA,NA,NA,NA,NA,314,436.5,450
"390","Jahmal Banks","WR",451,675,683,674,379,437,NA,NA,NA,NA,NA,NA,437,451
"391","Kendall Bohler","CB",452,769,782,768,380,438,NA,NA,NA,NA,NA,NA,438,452
"392","Kam Alexander","CB",458,240,786,244,392,445,NA,NA,NA,NA,NA,NA,445,458
"393","Nick Jackson","LB",460,400,406,401,388,448,NA,NA,NA,NA,NA,NA,448,460
"394","Nofoafia Tulafono","IOL",461,254,817,277,394,450,NA,NA,NA,NA,NA,NA,450,461
"395","CJ Taylor","S",462,255,NA,278,395,451,NA,NA,NA,NA,NA,NA,451,462
"396","Micah Bernard","RB",463,750,762,748,775,606,NA,NA,NA,NA,NA,296,451,463
"397","Elijah Simmons","DL",464,739,750,737,763,597,NA,NA,NA,NA,NA,306,451.5,464
"398","William Wagner","LS",465,315,302,309,412,453,NA,NA,NA,NA,NA,NA,453,465
"399","Zemaiah Vaughn","CB",466,351,352,353,422,454,NA,NA,NA,NA,NA,NA,454,466
"400","BJ Mayes","CB",467,354,NA,356,424,455,NA,NA,NA,NA,NA,NA,455,467
"401","Garrett Greene","QB",468,271,704,290,365,456,NA,NA,NA,NA,NA,NA,456,468
"402","Izavion Miller","OT",469,357,358,360,426,458,NA,NA,NA,NA,NA,NA,458,469
"403","Sulaiman Kpaka","DL",470,358,360,361,427,459,NA,NA,NA,NA,NA,NA,459,470
"404","Seyi Oladipo","S",471,359,362,362,428,460,NA,NA,NA,NA,NA,NA,460,471
"405","Shaquan Loyal","S",472,362,365,365,430,461,NA,NA,NA,NA,NA,NA,461,472
"406","De'Braylon Carroll","DL",473,365,369,368,431,462,NA,NA,NA,NA,NA,NA,462,473
"407","Malik Dixon-Williams","S",474,363,367,366,433,463,NA,NA,NA,NA,NA,NA,463,474
"408","Montorie Foster","WR",475,364,368,369,434,464,NA,NA,NA,NA,NA,NA,464,475
"409","Tommy Mellott","QB",476,701,712,299,432,466,NA,NA,NA,NA,NA,NA,466,476
"410","Nay'Quan Wright","RB",477,377,384,379,440,467,NA,NA,NA,NA,NA,NA,467,477
"411","Branson Taylor","OT",478,815,832,815,836,648,NA,NA,NA,NA,NA,287,467.5,478
"412","Zeke Correll","IOL",479,380,386,382,444,468,NA,NA,NA,NA,NA,NA,468,479
"413","Mason Richman","OT",480,382,389,384,445,469,NA,NA,NA,NA,NA,NA,469,480
"414","Emmanuel McNeil-Warren","S",481,385,388,387,448,470,NA,NA,NA,NA,NA,NA,470,481
"415","Josh Kelly","WR",482,747,759,745,772,603,NA,NA,NA,NA,NA,337,470,482
"416","Car'lin Vigers","CB",483,387,392,389,450,471,NA,NA,NA,NA,NA,NA,471,483
"417","Joey Slackman","DL",484,388,391,390,451,472,NA,NA,NA,NA,NA,NA,472,484
"418","Marcus Harper II","IOL",485,389,393,391,452,473,NA,NA,NA,NA,NA,NA,473,485
"419","Kobe Pace","RB",486,671,679,670,701,550,NA,NA,NA,NA,NA,397,473.5,486
"420","David Spaulding","CB",487,733,744,731,757,591,NA,NA,NA,NA,NA,356,473.5,487
"421","DJ Uiagalelei","QB",488,390,NA,392,453,474,NA,NA,NA,NA,NA,NA,474,488
"422","Dominic Zvada","K",489,392,398,394,455,475,NA,NA,NA,NA,NA,NA,475,489
"423","Debo Williams","LB",490,395,401,398,458,476,NA,NA,NA,NA,NA,NA,476,490
"424","Connor O'Toole","EDGE",491,398,405,400,460,477,NA,NA,NA,NA,NA,NA,477,491
"425","Aydan White","CB",492,405,409,405,463,478,NA,NA,NA,NA,NA,NA,478,492
"426","Andre Jefferson","DL",493,406,410,406,464,479,NA,NA,NA,NA,NA,NA,479,493
"427","Easton Mascarenas-Arnold","LB",495,412,416,412,469,480,NA,NA,NA,NA,NA,NA,480,495
"428","Kenyatta Watson II","S",496,417,424,417,473,481,NA,NA,NA,NA,NA,NA,481,496
"429","DJ Lundy","LB",497,420,NA,420,476,482,NA,NA,NA,NA,NA,NA,482,497
"430","Terrell Dawkins","EDGE",498,421,430,421,477,483,NA,NA,NA,NA,NA,NA,483,498
"431","Makari Paige","S",499,422,431,422,478,484,NA,NA,NA,NA,NA,NA,484,499
"432","Kamren Fabiculanan","S",500,426,435,426,480,485,NA,NA,NA,NA,NA,NA,485,500
"433","Tahveon Nicholson","S",501,427,437,428,481,486,NA,NA,NA,NA,NA,NA,486,501
"434","Alex Huntley","DL",502,428,438,429,482,487,NA,NA,NA,NA,NA,NA,487,502
"435","Caleb Etienne","OT",503,431,441,432,485,488,NA,NA,NA,NA,NA,NA,488,503
"436","Corey Dyches","TE",504,432,442,433,486,489,NA,NA,NA,NA,NA,NA,489,504
"437","Jack Conley","IOL",505,822,839,822,842,653,NA,NA,NA,NA,NA,326,489.5,505
"438","Paris Shand","DL",506,434,444,435,488,490,NA,NA,NA,NA,NA,NA,490,506
"439","De'Corian Clark","WR",507,436,447,437,491,491,NA,NA,NA,NA,NA,NA,491,507
"440","Michael Ford Jr","IOL",509,374,NA,374,404,492,NA,NA,NA,NA,NA,NA,492,509
"441","Hudson Clark","S",511,440,452,442,494,493,NA,NA,NA,NA,NA,NA,493,511
"442","Ross James","P",512,442,454,444,496,494,NA,NA,NA,NA,NA,NA,494,512
"443","Ethan Moczulski","K",513,490,503,490,536,496,NA,NA,NA,NA,NA,NA,496,513
"444","Robert Gunn","K",514,495,508,495,541,497,NA,NA,NA,NA,NA,NA,497,514
"445","Kobe Savage","S",515,496,509,497,542,498,NA,NA,NA,NA,NA,NA,498,515
"446","Bryce McFerson","P",516,498,511,499,544,499,NA,NA,NA,NA,NA,NA,499,516
"447","Alex Bacchetta","P",517,499,512,500,545,500,NA,NA,NA,NA,NA,NA,500,517
"448","Max Fletcher","P",518,504,517,505,551,501,NA,NA,NA,NA,NA,NA,501,518
"449","Brett Thorson","P",519,506,374,507,553,502,NA,NA,NA,NA,NA,NA,502,519
"450","Alex McPherson","K",520,507,519,508,554,503,NA,NA,NA,NA,NA,NA,503,520
"451","Tyler Perkins","P",521,509,521,510,556,504,NA,NA,NA,NA,NA,NA,504,521
"452","John Love","K",523,517,529,518,566,505,NA,NA,NA,NA,NA,NA,505,523
"453","Will Bettridge","K",524,518,530,519,567,506,NA,NA,NA,NA,NA,NA,506,524
"454","Jackson Lee","LS",525,519,531,520,568,507,NA,NA,NA,NA,NA,NA,507,525
"455","Eli Stein","LS",526,520,532,521,569,508,NA,NA,NA,NA,NA,NA,508,526
"456","Rino Monteforte","LS",527,521,533,522,570,509,NA,NA,NA,NA,NA,NA,509,527
"457","Nate Merchant","LS",528,524,536,525,572,510,NA,NA,NA,NA,NA,NA,510,528
"458","Morice Blackwell Jr","LB",529,544,NA,543,587,511,NA,NA,NA,NA,NA,NA,511,529
"459","Devin Kirkwood","CB",530,554,563,554,596,512,NA,NA,NA,NA,NA,NA,512,530
"460","Reuben Fatheree II","OT",531,561,568,560,601,513,NA,NA,NA,NA,NA,NA,513,531
"461","Mario Williams","WR",532,584,591,584,620,514,NA,NA,NA,NA,NA,NA,514,532
"462","Juan Davis","TE",533,592,599,592,628,515,NA,NA,NA,NA,NA,NA,515,533
"463","Caiden Woullard","EDGE",534,602,609,601,636,516,NA,NA,NA,NA,NA,NA,516,534
"464","Dorian Singer","WR",535,603,610,602,637,517,NA,NA,NA,NA,NA,NA,517,535
"465","Antario Brown","RB",536,604,611,603,638,518,NA,NA,NA,NA,NA,NA,518,536
"466","Jack Howell","S",537,607,614,606,641,519,NA,NA,NA,NA,NA,NA,519,537
"467","Sebastian Valdez","DL",538,615,622,614,649,520,NA,NA,NA,NA,NA,NA,520,538
"468","Roderick Brown","DL",539,619,626,618,653,521,NA,NA,NA,NA,NA,NA,521,539
"469","Julian Fleming","WR",540,622,629,621,655,522,NA,NA,NA,NA,NA,NA,522,540
"470","Justin Flowe","LB",541,623,630,622,656,523,NA,NA,NA,NA,NA,NA,523,541
"471","Dontae Manning","CB",542,624,631,623,657,524,NA,NA,NA,NA,NA,NA,524,542
"472","Hudson Card","QB",543,625,632,624,658,525,NA,NA,NA,NA,NA,NA,525,543
"473","Jerrin Thompson","S",544,626,634,626,659,526,NA,NA,NA,NA,NA,NA,526,544
"474","Peny Boone","RB",545,628,636,628,661,527,NA,NA,NA,NA,NA,NA,527,545
"475","Desmond Evans","EDGE",546,631,639,631,664,528,NA,NA,NA,NA,NA,NA,528,546
"476","Gee Scott Jr","TE",547,632,NA,632,665,529,NA,NA,NA,NA,NA,NA,529,547
"477","Mark Redman","TE",548,636,644,636,668,531,NA,NA,NA,NA,NA,NA,531,548
"478","Malik Hornsby","WR",549,637,645,637,669,532,NA,NA,NA,NA,NA,NA,532,549
"479","Major Burns","S",551,638,646,638,670,533,NA,NA,NA,NA,NA,NA,533,551
"480","Ruben Hyppolite II","LB",552,642,650,642,674,534,NA,NA,NA,NA,NA,NA,534,552
"481","Nate McCollum","WR",553,646,654,646,678,536,NA,NA,NA,NA,NA,NA,536,553
"482","Ladarius Tennison","S",554,647,655,647,679,537,NA,NA,NA,NA,NA,NA,537,554
"483","MJ Sherman","LB",555,654,NA,653,686,538,NA,NA,NA,NA,NA,NA,538,555
"484","Chris Tyree","WR",556,655,663,654,687,539,NA,NA,NA,NA,NA,NA,539,556
"485","Jayson Jones","DL",557,657,665,656,689,540,NA,NA,NA,NA,NA,NA,540,557
"486","Money Parks","WR",558,659,667,658,691,541,NA,NA,NA,NA,NA,NA,541,558
"487","Khari Coleman","EDGE",559,437,457,438,461,542,NA,NA,NA,NA,NA,NA,542,559
"488","Vershon Lee","IOL",560,663,671,662,694,543,NA,NA,NA,NA,NA,NA,543,560
"489","Kaden Moore","IOL",561,665,673,664,696,544,NA,NA,NA,NA,NA,NA,544,561
"490","Jaheim Thomas","LB",562,667,675,666,697,545,NA,NA,NA,NA,NA,NA,545,562
"491","Marlowe Wax","LB",563,668,676,667,698,546,NA,NA,NA,NA,NA,NA,546,563
"492","Robert Scott Jr","OT",564,669,NA,668,699,548,NA,NA,NA,NA,NA,NA,548,564
"493","Ty French","EDGE",565,670,678,669,700,549,NA,NA,NA,NA,NA,NA,549,565
"494","Cam Porter","RB",566,672,680,671,702,551,NA,NA,NA,NA,NA,NA,551,566
"495","Jalen White","RB",567,673,681,672,703,552,NA,NA,NA,NA,NA,NA,552,567
"496","Cal Haladay","LB",568,676,684,675,705,553,NA,NA,NA,NA,NA,NA,553,568
"497","Brandon Thomas","RB",569,677,685,676,706,554,NA,NA,NA,NA,NA,NA,554,569
"498","Gerald Mincey","OT",570,679,687,678,708,555,NA,NA,NA,NA,NA,NA,555,570
"499","Donte Kent","CB",571,681,689,680,710,556,NA,NA,NA,NA,NA,NA,556,571
"500","Henry Blackburn","S",572,682,690,681,711,557,NA,NA,NA,NA,NA,NA,557,572
"501","Silas Bolden","WR",573,683,691,682,712,558,NA,NA,NA,NA,NA,NA,558,573
"502","Mason Cobb","LB",574,686,694,685,715,560,NA,NA,NA,NA,NA,NA,560,574
"503","Marcus Bryant","OT",575,687,695,686,716,561,NA,NA,NA,NA,NA,NA,561,575
"504","Kole Taylor","TE",576,690,698,689,719,563,NA,NA,NA,NA,NA,NA,563,576
"505","Deontae Craig","DL",577,691,699,690,720,564,NA,NA,NA,NA,NA,NA,564,577
"506","LaMiles Brooks","S",578,692,701,691,721,565,NA,NA,NA,NA,NA,NA,565,578
"507","Lawrence Arnold","WR",579,693,702,692,722,566,NA,NA,NA,NA,NA,NA,566,579
"508","Nate Noel","RB",580,477,498,496,513,567,NA,NA,NA,NA,NA,NA,567,580
"509","Micah Mazzccua","IOL",581,695,705,694,724,568,NA,NA,NA,NA,NA,NA,568,581
"510","Gavin Holmes","CB",582,696,706,695,725,569,NA,NA,NA,NA,NA,NA,569,582
"511","Marcus Carroll","RB",583,697,707,696,726,570,NA,NA,NA,NA,NA,NA,570,583
"512","Josh Fryar","OT",584,474,495,474,492,571,NA,NA,NA,NA,NA,NA,571,584
"513","Yam Banks","S",585,700,711,699,728,572,NA,NA,NA,NA,NA,NA,572,585
"514","Kendy Charles","DL",586,703,714,701,730,574,NA,NA,NA,NA,NA,NA,574,586
"515","Nathan Carter","RB",587,704,715,702,731,575,NA,NA,NA,NA,NA,NA,575,587
"516","Jonah Dalmas","K",588,705,716,703,732,576,NA,NA,NA,NA,NA,NA,576,588
"517","Easton Kilty","OT",589,706,717,704,733,577,NA,NA,NA,NA,NA,NA,577,589
"518","Anton Juncaj","DL",590,708,719,706,735,578,NA,NA,NA,NA,NA,NA,578,590
"519","Owen Daffer","K",591,710,721,708,736,579,NA,NA,NA,NA,NA,NA,579,591
"520","Kyle Morlock","TE",592,711,722,709,737,580,NA,NA,NA,NA,NA,NA,580,592
"521","Trey Sanders","RB",593,712,723,710,738,581,NA,NA,NA,NA,NA,NA,581,593
"522","Jacob Bandes","DL",594,713,724,711,739,582,NA,NA,NA,NA,NA,NA,582,594
"523","Connor Bazelak","QB",595,718,729,716,744,583,NA,NA,NA,NA,NA,NA,583,595
"524","Patrick Herbert","TE",596,719,730,717,745,584,NA,NA,NA,NA,NA,NA,584,596
"525","KJ Jefferson","QB",597,721,NA,719,747,585,NA,NA,NA,NA,NA,NA,585,597
"526","Khris Bogle","EDGE",598,722,733,720,748,586,NA,NA,NA,NA,NA,NA,586,598
"527","Frank Ladson Jr","WR",599,723,NA,721,749,587,NA,NA,NA,NA,NA,NA,587,599
"528","Bill Norton","DL",600,724,735,722,750,588,NA,NA,NA,NA,NA,NA,588,600
"529","Jahfari Harvey","EDGE",601,728,739,726,752,589,NA,NA,NA,NA,NA,NA,589,601
"530","Hank Bachmeier","QB",602,731,742,729,755,590,NA,NA,NA,NA,NA,NA,590,602
"531","Maurice Smith","IOL",603,734,745,732,758,592,NA,NA,NA,NA,NA,NA,592,603
"532","Luke Felix-Fualalo","OT",604,735,746,733,759,593,NA,NA,NA,NA,NA,NA,593,604
"533","Justin Ball","TE",605,736,747,734,760,594,NA,NA,NA,NA,NA,NA,594,605
"534","Chico Bennett Jr","LB",606,737,NA,735,761,595,NA,NA,NA,NA,NA,NA,595,606
"535","Garmon Randolph","EDGE",607,738,749,736,762,596,NA,NA,NA,NA,NA,NA,596,607
"536","Xavier Guillory","WR",608,740,751,738,764,598,NA,NA,NA,NA,NA,NA,598,608
"537","Treshaun Ward","RB",609,742,754,740,767,599,NA,NA,NA,NA,NA,NA,599,609
"538","Darius Washington","IOL",610,743,755,741,768,600,NA,NA,NA,NA,NA,NA,600,610
"539","Jonathan Mendoza","OT",611,745,757,743,770,601,NA,NA,NA,NA,NA,NA,601,611
"540","Jeremiah Byers","IOL",612,746,758,744,771,602,NA,NA,NA,NA,NA,NA,602,612
"541","Brian Ugwu","EDGE",613,748,760,746,773,604,NA,NA,NA,NA,NA,NA,604,613
"542","Trace Ford","EDGE",614,749,761,747,774,605,NA,NA,NA,NA,NA,NA,605,614
"543","Kris Mitchell","WR",615,751,763,749,776,607,NA,NA,NA,NA,NA,NA,607,615
"544","Chase Lane","WR",616,752,764,750,777,608,NA,NA,NA,NA,NA,NA,608,616
"545","Brett Gabbert","QB",617,753,765,751,778,609,NA,NA,NA,NA,NA,NA,609,617
"546","Ricky Barber","DL",618,754,766,752,779,610,NA,NA,NA,NA,NA,NA,610,618
"547","Payton Thorne","QB",619,756,768,754,781,611,NA,NA,NA,NA,NA,NA,611,619
"548","Tyrone Broden","WR",620,758,770,756,783,612,NA,NA,NA,NA,NA,NA,612,620
"549","Dante Cephas","WR",621,759,771,757,784,613,NA,NA,NA,NA,NA,NA,613,621
"550","Trikweze Bridges","S",622,543,772,758,785,614,NA,NA,NA,NA,NA,NA,614,622
"551","Melquan Stovall","WR",623,762,775,761,788,615,NA,NA,NA,NA,NA,NA,615,623
"552","Nate Clifton","DL",624,763,776,762,789,616,NA,NA,NA,NA,NA,NA,616,624
"553","Collin Schlee","QB",625,764,777,763,790,617,NA,NA,NA,NA,NA,NA,617,625
"554","Ali Jennings III","WR",626,765,778,764,791,618,NA,NA,NA,NA,NA,NA,618,626
"555","Jordan Waters","RB",627,766,779,765,792,619,NA,NA,NA,NA,NA,NA,619,627
"556","Josh Williams","RB",628,768,781,767,794,620,NA,NA,NA,NA,NA,NA,620,628
"557","Jacob Dobbs","LB",629,770,783,769,795,621,NA,NA,NA,NA,NA,NA,621,629
"558","Johnny Hodges","LB",630,772,785,771,797,622,NA,NA,NA,NA,NA,NA,622,630
"559","Casey Thompson","QB",631,775,789,774,799,623,NA,NA,NA,NA,NA,NA,623,631
"560","Dennis Briggs Jr","DL",632,776,NA,775,800,624,NA,NA,NA,NA,NA,NA,624,632
"561","Gerry Bohanon","QB",633,777,791,776,801,625,NA,NA,NA,NA,NA,NA,625,633
"562","Jacob Mangum-Farrar","LB",634,783,798,783,807,626,NA,NA,NA,NA,NA,NA,626,634
"563","Spencer Petras","QB",635,785,800,785,808,627,NA,NA,NA,NA,NA,NA,627,635
"564","Jermayne Lole","DL",636,786,801,786,809,628,NA,NA,NA,NA,NA,NA,628,636
"565","Kam Butler","EDGE",637,787,802,787,810,629,NA,NA,NA,NA,NA,NA,629,637
"566","John Campbell Jr","OT",638,540,NA,539,548,630,NA,NA,NA,NA,NA,NA,630,638
"567","Campbell Barrington","OT",639,788,803,788,811,631,NA,NA,NA,NA,NA,NA,631,639
"568","Alan Bowman","QB",640,789,804,789,812,632,NA,NA,NA,NA,NA,NA,632,640
"569","Connor Pay","IOL",641,791,806,791,814,633,NA,NA,NA,NA,NA,NA,633,641
"570","Jordan McCloud","QB",642,792,807,792,815,634,NA,NA,NA,NA,NA,NA,634,642
"571","Abdul-Fatai Ibrahim","WR",643,793,808,793,816,635,NA,NA,NA,NA,NA,NA,635,643
"572","Justin Wright","LB",644,794,809,794,817,636,NA,NA,NA,NA,NA,NA,636,644
"573","Nick Kidwell","IOL",645,795,810,795,818,637,NA,NA,NA,NA,NA,NA,637,645
"574","Ty Son Lawton","RB",646,796,811,796,819,638,NA,NA,NA,NA,NA,NA,638,646
"575","Keenan Pili","LB",647,800,815,800,823,639,NA,NA,NA,NA,NA,NA,639,647
"576","Chantz Williams","EDGE",648,801,816,801,824,640,NA,NA,NA,NA,NA,NA,640,648
"577","Chidozie Nwankwo","DL",649,802,818,802,825,641,NA,NA,NA,NA,NA,NA,641,649
"578","Aamir Hall","CB",650,803,819,803,826,642,NA,NA,NA,NA,NA,NA,642,650
"579","Corey Rucker","WR",651,804,820,804,827,643,NA,NA,NA,NA,NA,NA,643,651
"580","Clarence Lewis","CB",652,806,822,806,828,644,NA,NA,NA,NA,NA,NA,644,652
"581","Daylan Dotson","EDGE",653,810,827,810,831,645,NA,NA,NA,NA,NA,NA,645,653
"582","Maliq Carr","TE",654,811,828,811,832,646,NA,NA,NA,NA,NA,NA,646,654
"583","Ashton Grable","IOL",655,813,830,813,834,647,NA,NA,NA,NA,NA,NA,647,655
"584","Daryl Porter Jr","CB",656,816,NA,816,837,649,NA,NA,NA,NA,NA,NA,649,656
"585","Colin Ramos","LB",657,817,834,817,838,650,NA,NA,NA,NA,NA,NA,650,657
"586","Jelani Stafford","DL",658,819,836,819,840,651,NA,NA,NA,NA,NA,NA,651,658
"587","Caden Davis","K",659,820,837,820,841,652,NA,NA,NA,NA,NA,NA,652,659
"588","Weston Franklin","IOL",660,555,NA,553,558,654,NA,NA,NA,NA,NA,NA,654,660
"589","Henry Parrish Jr","RB",661,826,NA,544,845,655,NA,NA,NA,NA,NA,NA,655,661
"590","Nate Matlack","EDGE",662,827,NA,826,846,656,NA,NA,NA,NA,NA,NA,656,662
"591","Brennan Presley","WR",663,828,NA,827,847,657,NA,NA,NA,NA,NA,NA,657,663
"592","Ryan Hanson","P",664,832,NA,832,850,658,NA,NA,NA,NA,NA,NA,658,664
"593","Jalon Walker","LB",NA,17,18,14,16,NA,NA,NA,NA,NA,NA,NA,NA,NA
"594","Shemar Stewart","DL",NA,35,35,35,17,NA,NA,NA,NA,NA,NA,NA,NA,NA
"595","Armand Membou","IOL",NA,72,81,74,30,NA,NA,NA,NA,NA,NA,NA,NA,NA
"596","Marcus Mbow","OT",NA,60,58,54,51,NA,NA,NA,NA,NA,NA,NA,NA,NA
"597","Grey Zabel","OT",NA,73,70,78,52,NA,NA,NA,NA,NA,NA,NA,NA,NA
"598","Jordan Burch","DL",NA,58,59,62,82,NA,NA,NA,NA,NA,NA,NA,NA,NA
"599","Earnest Greene","OT",NA,98,95,99,104,NA,NA,NA,NA,NA,NA,NA,NA,NA
"600","Lander Barton","LB",NA,97,93,95,128,NA,NA,NA,NA,NA,NA,NA,NA,NA
"601","Kyren Lacy","WR",NA,114,115,111,150,NA,NA,NA,NA,NA,NA,NA,NA,NA
"602","Elijah Roberts","EDGE",NA,175,213,167,159,NA,NA,NA,NA,NA,NA,NA,NA,NA
"603","Xavier Scott","S",NA,144,142,161,250,NA,NA,NA,NA,NA,NA,NA,NA,NA
"604","David Bailey","EDGE",NA,184,150,183,273,NA,NA,NA,NA,NA,NA,NA,NA,NA
"605","JC Davis","OT",NA,290,NA,294,295,NA,NA,NA,NA,NA,NA,NA,NA,NA
"606","R Mason Thomas","EDGE",NA,208,185,220,297,NA,NA,NA,NA,NA,NA,NA,NA,NA
"607","Jaishawn Barham","LB",NA,286,261,284,345,NA,NA,NA,NA,NA,NA,NA,NA,NA
"608","Trey Zuhn III","OT",NA,325,303,320,354,NA,NA,NA,NA,NA,NA,NA,NA,NA
"609","Akheem Mesidor","EDGE",NA,403,284,404,360,NA,NA,NA,NA,NA,NA,NA,NA,NA
"610","Deion Burks","WR",NA,138,143,141,396,NA,NA,NA,NA,NA,NA,NA,NA,NA
"611","John Michael Gyllenborg","TE",NA,265,214,301,398,NA,NA,NA,NA,NA,NA,NA,NA,NA
"612","Anto Saka","EDGE",NA,213,198,317,406,NA,NA,NA,NA,NA,NA,NA,NA,NA
"613","Jeremiah Cooper","S",NA,318,300,327,409,NA,NA,NA,NA,NA,NA,NA,NA,NA
"614","Dillon Bell","WR",NA,319,307,328,410,NA,NA,NA,NA,NA,NA,NA,NA,NA
"615","Miles Scott","S",NA,335,331,343,415,NA,NA,NA,NA,NA,NA,NA,NA,NA
"616","Ephesians Prysock","CB",NA,338,336,346,418,NA,NA,NA,NA,NA,NA,NA,NA,NA
"617","Bud Clark","S",NA,287,242,292,419,NA,NA,NA,NA,NA,NA,NA,NA,NA
"618","Anthony Lucas","EDGE",NA,340,345,347,420,NA,NA,NA,NA,NA,NA,NA,NA,NA
"619","Robert Spears-Jennings","S",NA,360,363,363,429,NA,NA,NA,NA,NA,NA,NA,NA,NA
"620","Daylan Carnell","S",NA,368,372,371,436,NA,NA,NA,NA,NA,NA,NA,NA,NA
"621","Samuel Okunlola","EDGE",NA,378,385,380,442,NA,NA,NA,NA,NA,NA,NA,NA,NA
"622","Darian Chestnut","CB",NA,383,371,385,446,NA,NA,NA,NA,NA,NA,NA,NA,NA
"623","Kolbey Taylor","CB",NA,384,390,386,447,NA,NA,NA,NA,NA,NA,NA,NA,NA
"624","Elijah Sarratt","WR",NA,386,394,388,449,NA,NA,NA,NA,NA,NA,NA,NA,NA
"625","Chris Brazzell","WR",NA,391,397,393,454,NA,NA,NA,NA,NA,NA,NA,NA,NA
"626","Bryce Anderson","S",NA,393,400,395,456,NA,NA,NA,NA,NA,NA,NA,NA,NA
"627","Gentry Williams","CB",NA,394,322,396,457,NA,NA,NA,NA,NA,NA,NA,NA,NA
"628","Toriano Pride","CB",NA,396,402,399,459,NA,NA,NA,NA,NA,NA,NA,NA,NA
"629","RJ Maryland","TE",NA,402,NA,403,462,NA,NA,NA,NA,NA,NA,NA,NA,NA
"630","Vincent Anthony Jr","EDGE",NA,407,NA,407,465,NA,NA,NA,NA,NA,NA,NA,NA,NA
"631","Tyree Skipper","S",NA,414,418,414,470,NA,NA,NA,NA,NA,NA,NA,NA,NA
"632","Ja'Mori Maclin","WR",NA,416,423,416,472,NA,NA,NA,NA,NA,NA,NA,NA,NA
"633","Terrance Brooks","CB",NA,418,426,418,474,NA,NA,NA,NA,NA,NA,NA,NA,NA
"634","Devin Moore","CB",NA,419,427,419,475,NA,NA,NA,NA,NA,NA,NA,NA,NA
"635","Marcus Allen","CB",NA,429,439,430,483,NA,NA,NA,NA,NA,NA,NA,NA,NA
"636","Matthew Bedford","OT",NA,430,440,431,484,NA,NA,NA,NA,NA,NA,NA,NA,NA
"637","Dacari Collins","WR",NA,433,443,434,487,NA,NA,NA,NA,NA,NA,NA,NA,NA
"638","Jayden Gibson","WR",NA,438,448,439,493,NA,NA,NA,NA,NA,NA,NA,NA,NA
"639","Colbie Young","WR",NA,441,453,443,495,NA,NA,NA,NA,NA,NA,NA,NA,NA
"640","CJ Hicks","LB",NA,446,NA,448,498,NA,NA,NA,NA,NA,NA,NA,NA,NA
"641","Jeadyn Lukus","CB",NA,447,460,450,499,NA,NA,NA,NA,NA,NA,NA,NA,NA
"642","Jaylen Sneed","LB",NA,448,461,451,500,NA,NA,NA,NA,NA,NA,NA,NA,NA
"643","Jaheim Singletary","CB",NA,450,462,452,501,NA,NA,NA,NA,NA,NA,NA,NA,NA
"644","Chris Marshall","WR",NA,451,463,453,502,NA,NA,NA,NA,NA,NA,NA,NA,NA
"645","JQ Hardaway","CB",NA,452,NA,454,503,NA,NA,NA,NA,NA,NA,NA,NA,NA
"646","Jacolby Spells","CB",NA,453,465,455,504,NA,NA,NA,NA,NA,NA,NA,NA,NA
"647","Kenyatta Jackson","EDGE",NA,454,466,456,505,NA,NA,NA,NA,NA,NA,NA,NA,NA
"648","Kyion Grayes","WR",NA,455,467,457,506,NA,NA,NA,NA,NA,NA,NA,NA,NA
"649","Jacoby Mathews","S",NA,456,468,458,507,NA,NA,NA,NA,NA,NA,NA,NA,NA
"650","Adam Randall","WR",NA,458,472,460,508,NA,NA,NA,NA,NA,NA,NA,NA,NA
"651","Joshua Josephs","EDGE",NA,459,473,461,509,NA,NA,NA,NA,NA,NA,NA,NA,NA
"652","Andre Greene Jr","WR",NA,460,NA,462,510,NA,NA,NA,NA,NA,NA,NA,NA,NA
"653","Cyrus Moss","EDGE",NA,462,475,463,511,NA,NA,NA,NA,NA,NA,NA,NA,NA
"654","Tobias Merriweather","WR",NA,463,476,464,512,NA,NA,NA,NA,NA,NA,NA,NA,NA
"655","Justin Barron","S",NA,699,710,698,514,NA,NA,NA,NA,NA,NA,NA,NA,NA
"656","Braylin Presley","WR",NA,464,477,465,515,NA,NA,NA,NA,NA,NA,NA,NA,NA
"657","Kamari Wilson","S",NA,465,478,466,516,NA,NA,NA,NA,NA,NA,NA,NA,NA
"658","Jaren Kanak","LB",NA,466,479,467,517,NA,NA,NA,NA,NA,NA,NA,NA,NA
"659","Zavion Thomas","WR",NA,467,480,468,518,NA,NA,NA,NA,NA,NA,NA,NA,NA
"660","Popeye Williams","EDGE",NA,468,481,469,519,NA,NA,NA,NA,NA,NA,NA,NA,NA
"661","PJ Williams","OT",NA,469,NA,470,520,NA,NA,NA,NA,NA,NA,NA,NA,NA
"662","Wesley Bissainthe","LB",NA,471,484,473,521,NA,NA,NA,NA,NA,NA,NA,NA,NA
"663","Shazz Preston","WR",NA,473,485,475,522,NA,NA,NA,NA,NA,NA,NA,NA,NA
"664","Earl Little II","CB",NA,475,486,476,523,NA,NA,NA,NA,NA,NA,NA,NA,NA
"665","Smoke Bouie","S",NA,476,487,477,524,NA,NA,NA,NA,NA,NA,NA,NA,NA
"666","Darris Smith","EDGE",NA,478,488,479,525,NA,NA,NA,NA,NA,NA,NA,NA,NA
"667","Aaron Anderson","WR",NA,480,489,480,526,NA,NA,NA,NA,NA,NA,NA,NA,NA
"668","Talyn Shettron","WR",NA,481,490,481,527,NA,NA,NA,NA,NA,NA,NA,NA,NA
"669","Quency Wiggins","DL",NA,482,491,482,528,NA,NA,NA,NA,NA,NA,NA,NA,NA
"670","Sam McCall","S",NA,483,492,483,529,NA,NA,NA,NA,NA,NA,NA,NA,NA
"671","Jordan Hudson","WR",NA,484,493,484,530,NA,NA,NA,NA,NA,NA,NA,NA,NA
"672","Van Wells","IOL",NA,485,496,485,531,NA,NA,NA,NA,NA,NA,NA,NA,NA
"673","Ti Mims","WR",NA,486,497,486,532,NA,NA,NA,NA,NA,NA,NA,NA,NA
"674","D'Andre Martin","DL",NA,487,499,487,533,NA,NA,NA,NA,NA,NA,NA,NA,NA
"675","Ernest Hausmann","LB",NA,488,501,488,534,NA,NA,NA,NA,NA,NA,NA,NA,NA
"676","Asani Redwood","DL",NA,489,502,489,535,NA,NA,NA,NA,NA,NA,NA,NA,NA
"677","Gavin Gibson","CB",NA,491,504,491,537,NA,NA,NA,NA,NA,NA,NA,NA,NA
"678","Jaylin Marshall","S",NA,492,505,492,538,NA,NA,NA,NA,NA,NA,NA,NA,NA
"679","Amari Jackson","CB",NA,493,506,493,539,NA,NA,NA,NA,NA,NA,NA,NA,NA
"680","Jalen Huskey","CB",NA,494,507,494,540,NA,NA,NA,NA,NA,NA,NA,NA,NA
"681","Josh Kattus","TE",NA,497,510,498,543,NA,NA,NA,NA,NA,NA,NA,NA,NA
"682","Cameron Ball","TE",NA,500,513,501,546,NA,NA,NA,NA,NA,NA,NA,NA,NA
"683","AJ Haulcy","S",NA,501,NA,502,547,NA,NA,NA,NA,NA,NA,NA,NA,NA
"684","Eddie Kelly","DL",NA,502,515,503,549,NA,NA,NA,NA,NA,NA,NA,NA,NA
"685","Jayden McGowan","WR",NA,503,516,504,550,NA,NA,NA,NA,NA,NA,NA,NA,NA
"686","Jordyn Tyson","WR",NA,505,518,506,552,NA,NA,NA,NA,NA,NA,NA,NA,NA
"687","Jeremiah Earby","CB",NA,508,520,509,555,NA,NA,NA,NA,NA,NA,NA,NA,NA
"688","Kyron Barnes","OT",NA,510,522,511,557,NA,NA,NA,NA,NA,NA,NA,NA,NA
"689","Damonic Williams","DL",NA,511,523,512,559,NA,NA,NA,NA,NA,NA,NA,NA,NA
"690","DQ Smith","S",NA,512,NA,513,560,NA,NA,NA,NA,NA,NA,NA,NA,NA
"691","Pichon Wimbley","IOL",NA,513,525,514,561,NA,NA,NA,NA,NA,NA,NA,NA,NA
"692","Bryan Thomas Jr","EDGE",NA,514,NA,515,562,NA,NA,NA,NA,NA,NA,NA,NA,NA
"693","Justus Ross-Simmons","WR",NA,515,527,516,564,NA,NA,NA,NA,NA,NA,NA,NA,NA
"694","Malik Spencer","S",NA,516,528,517,565,NA,NA,NA,NA,NA,NA,NA,NA,NA
"695","Jordan Pollard","LB",NA,523,535,524,571,NA,NA,NA,NA,NA,NA,NA,NA,NA
"696","Korey Foreman","EDGE",NA,525,537,527,573,NA,NA,NA,NA,NA,NA,NA,NA,NA
"697","Tommy Brockermeyer","OT",NA,527,538,528,574,NA,NA,NA,NA,NA,NA,NA,NA,NA
"698","Xavian Sorey Jr","LB",NA,528,NA,529,575,NA,NA,NA,NA,NA,NA,NA,NA,NA
"699","Latrell McCutchin","CB",NA,529,540,530,576,NA,NA,NA,NA,NA,NA,NA,NA,NA
"700","Lorenzo Styles Jr","CB",NA,530,NA,531,577,NA,NA,NA,NA,NA,NA,NA,NA,NA
"701","Jaylin Davies","CB",NA,531,542,532,578,NA,NA,NA,NA,NA,NA,NA,NA,NA
"702","Damarius McGhee","CB",NA,532,543,533,579,NA,NA,NA,NA,NA,NA,NA,NA,NA
"703","Deion Colzie","WR",NA,533,544,535,580,NA,NA,NA,NA,NA,NA,NA,NA,NA
"704","Kelvin Gilliam","DL",NA,535,545,536,581,NA,NA,NA,NA,NA,NA,NA,NA,NA
"705","Ezra Dotson-Oyetade","IOL",NA,536,546,537,582,NA,NA,NA,NA,NA,NA,NA,NA,NA
"706","Jonathan Jefferson","DL",NA,538,548,538,583,NA,NA,NA,NA,NA,NA,NA,NA,NA
"707","Reid Carrico","LB",NA,539,549,540,584,NA,NA,NA,NA,NA,NA,NA,NA,NA
"708","Derrick Davis Jr","S",NA,541,NA,541,585,NA,NA,NA,NA,NA,NA,NA,NA,NA
"709","Bryce Carter","EDGE",NA,542,551,542,586,NA,NA,NA,NA,NA,NA,NA,NA,NA
"710","Quaydarius Davis","WR",NA,545,553,545,588,NA,NA,NA,NA,NA,NA,NA,NA,NA
"711","Romello Brinson","WR",NA,546,554,546,589,NA,NA,NA,NA,NA,NA,NA,NA,NA
"712","Terrence Ferguson II","IOL",NA,547,556,547,590,NA,NA,NA,NA,NA,NA,NA,NA,NA
"713","Chris Hilton","WR",NA,548,557,548,591,NA,NA,NA,NA,NA,NA,NA,NA,NA
"714","Aaron Willis","LB",NA,549,558,549,592,NA,NA,NA,NA,NA,NA,NA,NA,NA
"715","Prophet Brown","CB",NA,550,559,550,593,NA,NA,NA,NA,NA,NA,NA,NA,NA
"716","Tunmise Adeleye","DL",NA,551,560,551,594,NA,NA,NA,NA,NA,NA,NA,NA,NA
"717","Julien Simon","LB",NA,553,561,552,595,NA,NA,NA,NA,NA,NA,NA,NA,NA
"718","Marcus Burris","DL",NA,556,564,555,597,NA,NA,NA,NA,NA,NA,NA,NA,NA
"719","Jeremiah Williams","EDGE",NA,557,565,556,598,NA,NA,NA,NA,NA,NA,NA,NA,NA
"720","Tywone Malone","DL",NA,558,566,558,599,NA,NA,NA,NA,NA,NA,NA,NA,NA
"721","Jabari Ishmael","EDGE",NA,560,567,559,600,NA,NA,NA,NA,NA,NA,NA,NA,NA
"722","Michael Trigg","TE",NA,562,569,561,602,NA,NA,NA,NA,NA,NA,NA,NA,NA
"723","Clayton Smith","EDGE",NA,563,570,562,603,NA,NA,NA,NA,NA,NA,NA,NA,NA
"724","Prince Kollie","LB",NA,564,571,563,604,NA,NA,NA,NA,NA,NA,NA,NA,NA
"725","Cody Jackson","WR",NA,566,573,565,605,NA,NA,NA,NA,NA,NA,NA,NA,NA
"726","Agiye Hall","WR",NA,567,574,566,606,NA,NA,NA,NA,NA,NA,NA,NA,NA
"727","Corey Collier Jr","S",NA,568,NA,567,607,NA,NA,NA,NA,NA,NA,NA,NA,NA
"728","Nyland Green","CB",NA,569,576,568,608,NA,NA,NA,NA,NA,NA,NA,NA,NA
"729","Teddy Prochazka","OT",NA,570,577,569,609,NA,NA,NA,NA,NA,NA,NA,NA,NA
"730","Malik McClain","WR",NA,571,580,570,610,NA,NA,NA,NA,NA,NA,NA,NA,NA
"731","Micah Morris","IOL",NA,572,581,572,611,NA,NA,NA,NA,NA,NA,NA,NA,NA
"732","Wilfredo Aybar","EDGE",NA,573,582,574,612,NA,NA,NA,NA,NA,NA,NA,NA,NA
"733","Trevion Cooley","RB",NA,575,583,575,613,NA,NA,NA,NA,NA,NA,NA,NA,NA
"734","Avante Dickerson","CB",NA,577,585,577,614,NA,NA,NA,NA,NA,NA,NA,NA,NA
"735","Ethan Calvert","LB",NA,579,586,579,615,NA,NA,NA,NA,NA,NA,NA,NA,NA
"736","Deion Smith","WR",NA,580,587,580,616,NA,NA,NA,NA,NA,NA,NA,NA,NA
"737","Dylan Brooks","EDGE",NA,581,588,581,617,NA,NA,NA,NA,NA,NA,NA,NA,NA
"738","JP Benzschawel","IOL",NA,582,NA,582,618,NA,NA,NA,NA,NA,NA,NA,NA,NA
"739","Jardin Gilbert","S",NA,583,590,583,619,NA,NA,NA,NA,NA,NA,NA,NA,NA
"740","Savion Byrd","IOL",NA,585,592,585,621,NA,NA,NA,NA,NA,NA,NA,NA,NA
"741","Zaire Patterson","EDGE",NA,586,593,586,622,NA,NA,NA,NA,NA,NA,NA,NA,NA
"742","RaRa Dillworth","LB",NA,587,594,587,623,NA,NA,NA,NA,NA,NA,NA,NA,NA
"743","Bram Walden","IOL",NA,589,596,589,625,NA,NA,NA,NA,NA,NA,NA,NA,NA
"744","Khordae Sydnor","EDGE",NA,591,598,591,627,NA,NA,NA,NA,NA,NA,NA,NA,NA
"745","Jared Brown","WR",NA,593,600,593,629,NA,NA,NA,NA,NA,NA,NA,NA,NA
"746","Jaden Bray","WR",NA,595,602,595,630,NA,NA,NA,NA,NA,NA,NA,NA,NA
"747","Jason Henderson","LB",NA,596,603,596,631,NA,NA,NA,NA,NA,NA,NA,NA,NA
"748","Jayden Thomas","WR",NA,598,605,597,632,NA,NA,NA,NA,NA,NA,NA,NA,NA
"749","De'Zhaun Stribling","WR",NA,599,606,598,633,NA,NA,NA,NA,NA,NA,NA,NA,NA
"750","Malachi Lawrence","EDGE",NA,600,607,599,634,NA,NA,NA,NA,NA,NA,NA,NA,NA
"751","Tyreek Chappell","CB",NA,605,612,604,639,NA,NA,NA,NA,NA,NA,NA,NA,NA
"752","DeAndre Boykins","CB",NA,606,613,605,640,NA,NA,NA,NA,NA,NA,NA,NA,NA
"753","Corey Platt Jr","LB",NA,608,NA,607,642,NA,NA,NA,NA,NA,NA,NA,NA,NA
"754","Eric Gentry","LB",NA,609,616,608,643,NA,NA,NA,NA,NA,NA,NA,NA,NA
"755","Cole Rusk","TE",NA,610,617,609,644,NA,NA,NA,NA,NA,NA,NA,NA,NA
"756","Logan Diggs","RB",NA,611,618,610,645,NA,NA,NA,NA,NA,NA,NA,NA,NA
"757","Cade Zimmerly","IOL",NA,612,619,611,646,NA,NA,NA,NA,NA,NA,NA,NA,NA
"758","Will Kacmarek","TE",NA,614,621,613,648,NA,NA,NA,NA,NA,NA,NA,NA,NA
"759","Kamryn Waites","OT",NA,616,623,615,650,NA,NA,NA,NA,NA,NA,NA,NA,NA
"760","Preston Hodge","S",NA,617,624,616,651,NA,NA,NA,NA,NA,NA,NA,NA,NA
"761","Seydou Traore","TE",NA,618,625,617,652,NA,NA,NA,NA,NA,NA,NA,NA,NA
"762","Sav'ell Smalls","TE",NA,621,628,620,654,NA,NA,NA,NA,NA,NA,NA,NA,NA
"763","Walker Parks","IOL",NA,627,635,627,660,NA,NA,NA,NA,NA,NA,NA,NA,NA
"764","Demorie Tate","CB",NA,629,637,629,662,NA,NA,NA,NA,NA,NA,NA,NA,NA
"765","Xavion Alford","S",NA,630,638,630,663,NA,NA,NA,NA,NA,NA,NA,NA,NA
"766","Troy Omeire","WR",NA,635,643,635,667,NA,NA,NA,NA,NA,NA,NA,NA,NA
"767","Fred Davis II","CB",NA,639,647,639,671,NA,NA,NA,NA,NA,NA,NA,NA,NA
"768","Turner Corcoran","IOL",NA,640,648,640,672,NA,NA,NA,NA,NA,NA,NA,NA,NA
"769","Drew Pyne","QB",NA,641,649,641,673,NA,NA,NA,NA,NA,NA,NA,NA,NA
"770","Roydell Williams","RB",NA,645,653,645,677,NA,NA,NA,NA,NA,NA,NA,NA,NA
"771","EJ Williams","WR",NA,648,NA,648,680,NA,NA,NA,NA,NA,NA,NA,NA,NA
"772","Tosh Baker","OT",NA,649,450,440,681,NA,NA,NA,NA,NA,NA,NA,NA,NA
"773","Stephen Dix Jr","LB",NA,650,NA,649,682,NA,NA,NA,NA,NA,NA,NA,NA,NA
"774","Jack Miller III","QB",NA,651,658,650,683,NA,NA,NA,NA,NA,NA,NA,NA,NA
"775","Jeff Sims","QB",NA,652,659,651,684,NA,NA,NA,NA,NA,NA,NA,NA,NA
"776","Malcolm Greene","S",NA,653,660,652,685,NA,NA,NA,NA,NA,NA,NA,NA,NA
"777","Reggie Grimes","EDGE",NA,658,666,657,690,NA,NA,NA,NA,NA,NA,NA,NA,NA
"778","Karon Prunty","CB",NA,660,668,659,692,NA,NA,NA,NA,NA,NA,NA,NA,NA
"779","Nate Rutchena","LB",NA,664,672,663,695,NA,NA,NA,NA,NA,NA,NA,NA,NA
"780","Jalen Berger","RB",NA,674,682,673,704,NA,NA,NA,NA,NA,NA,NA,NA,NA
"781","Tyler Grubbs","LB",NA,678,686,677,707,NA,NA,NA,NA,NA,NA,NA,NA,NA
"782","Jahmeer Carter","DL",NA,688,696,687,717,NA,NA,NA,NA,NA,NA,NA,NA,NA
"783","Payton Zdroik","DL",NA,694,703,693,723,NA,NA,NA,NA,NA,NA,NA,NA,NA
"784","Ja'Had Carter","S",NA,698,709,697,727,NA,NA,NA,NA,NA,NA,NA,NA,NA
"785","Noah Whittington","RB",NA,702,713,700,729,NA,NA,NA,NA,NA,NA,NA,NA,NA
"786","Jeremiah Walker","CB",NA,707,718,705,734,NA,NA,NA,NA,NA,NA,NA,NA,NA
"787","Avery Huff","LB",NA,714,725,712,740,NA,NA,NA,NA,NA,NA,NA,NA,NA
"788","Ja'Varrius Johnson","WR",NA,715,726,713,741,NA,NA,NA,NA,NA,NA,NA,NA,NA
"789","Keiondre Jones","IOL",NA,716,727,714,742,NA,NA,NA,NA,NA,NA,NA,NA,NA
"790","Jacob Lacey","DL",NA,720,731,718,746,NA,NA,NA,NA,NA,NA,NA,NA,NA
"791","Dominick Blaylock","WR",NA,729,740,727,753,NA,NA,NA,NA,NA,NA,NA,NA,NA
"792","Keon Zipperer","TE",NA,730,741,728,754,NA,NA,NA,NA,NA,NA,NA,NA,NA
"793","Mycah Pittman","WR",NA,732,743,730,756,NA,NA,NA,NA,NA,NA,NA,NA,NA
"794","Darrell Simmons Jr","IOL",NA,744,NA,742,769,NA,NA,NA,NA,NA,NA,NA,NA,NA
"795","Antonio Clary","S",NA,757,769,755,782,NA,NA,NA,NA,NA,NA,NA,NA,NA
"796","Rodrigues Clark","RB",NA,761,774,760,787,NA,NA,NA,NA,NA,NA,NA,NA,NA
"797","Ben Coleman","IOL",NA,767,780,766,793,NA,NA,NA,NA,NA,NA,NA,NA,NA
"798","Tyreke Johnson","CB",NA,774,788,773,798,NA,NA,NA,NA,NA,NA,NA,NA,NA
"799","Dawson Jaramillo","OT",NA,778,793,778,802,NA,NA,NA,NA,NA,NA,NA,NA,NA
"800","Tyneil Hopper","TE",NA,779,794,779,803,NA,NA,NA,NA,NA,NA,NA,NA,NA
"801","Montre Miller","CB",NA,780,795,780,804,NA,NA,NA,NA,NA,NA,NA,NA,NA
"802","Mike O'Laughlin","TE",NA,781,796,781,805,NA,NA,NA,NA,NA,NA,NA,NA,NA
"803","Darnell Jefferies","DL",NA,782,797,782,806,NA,NA,NA,NA,NA,NA,NA,NA,NA
"804","Trey Morrison","S",NA,790,805,790,813,NA,NA,NA,NA,NA,NA,NA,NA,NA
"805","Levani Damuni","LB",NA,797,812,797,820,NA,NA,NA,NA,NA,NA,NA,NA,NA
"806","Ben Bywater","LB",NA,798,813,798,821,NA,NA,NA,NA,NA,NA,NA,NA,NA
"807","Noah Daniels","CB",NA,799,814,799,822,NA,NA,NA,NA,NA,NA,NA,NA,NA
"808","Leon Lowery Jr","LB",NA,808,NA,808,829,NA,NA,NA,NA,NA,NA,NA,NA,NA
"809","Jordan Favors","S",NA,809,826,809,830,NA,NA,NA,NA,NA,NA,NA,NA,NA
"810","Gilber Edmond","EDGE",NA,812,829,812,833,NA,NA,NA,NA,NA,NA,NA,NA,NA
"811","Sean Brown","S",NA,814,831,814,835,NA,NA,NA,NA,NA,NA,NA,NA,NA
"812","Mohamed Toure","LB",NA,818,835,818,839,NA,NA,NA,NA,NA,NA,NA,NA,NA
"813","Dylan Rosiek","LB",NA,825,NA,825,844,NA,NA,NA,NA,NA,NA,NA,NA,NA
"814","Dylan Morris","QB",NA,831,NA,831,849,NA,NA,NA,NA,NA,NA,NA,NA,NA
"815","Daylen Everette","CB",NA,99,127,100,NA,NA,NA,NA,NA,NA,NA,NA,NA,NA
"816","Davison Igbinosun","CB",NA,124,130,115,NA,NA,NA,NA,NA,NA,NA,NA,NA,NA
"817","DeMonte Capehart","DL",NA,123,134,120,NA,NA,NA,NA,NA,NA,NA,NA,NA,NA
"818","Rod Moore","S",NA,125,129,121,NA,NA,NA,NA,NA,NA,NA,NA,NA,NA
"819","Oscar Delp","TE",NA,149,168,172,NA,NA,NA,NA,NA,NA,NA,NA,NA,NA
"820","Sonny Styles","LB",NA,194,189,200,NA,NA,NA,NA,NA,NA,NA,NA,NA,NA
"821","Trey Moore","EDGE",NA,179,215,236,NA,NA,NA,NA,NA,NA,NA,NA,NA,NA
"822","Le'Veon Moss","RB",NA,253,247,252,NA,NA,NA,NA,NA,NA,NA,NA,NA,NA
"823","DJ Campbell","IOL",NA,235,NA,266,NA,NA,NA,NA,NA,NA,NA,NA,NA,NA
"824","Drew Shelton","OT",NA,323,305,330,NA,NA,NA,NA,NA,NA,NA,NA,NA,NA
"825","Cam Miller","CB",NA,273,381,337,NA,NA,NA,NA,NA,NA,NA,NA,NA,NA
"826","Ethan Burke","EDGE",NA,381,387,383,NA,NA,NA,NA,NA,NA,NA,NA,NA,NA
"827","Thaddeus Dixon","CB",NA,401,407,402,NA,NA,NA,NA,NA,NA,NA,NA,NA,NA
"828","Jaylon Guilbeau","CB",NA,457,469,459,NA,NA,NA,NA,NA,NA,NA,NA,NA,NA
"829","Kaden Saunders","WR",NA,470,483,472,NA,NA,NA,NA,NA,NA,NA,NA,NA,NA
"830","Lance St Louis","LS",NA,522,NA,523,NA,NA,NA,NA,NA,NA,NA,NA,NA,NA
"831","Bert Auburn","K",NA,620,627,619,NA,NA,NA,NA,NA,NA,NA,NA,NA,NA
"832","Dani Dennis-Sutton","EDGE",NA,90,80,NA,NA,NA,NA,NA,NA,NA,NA,NA,NA,NA
"833","Jaeden Roberts","IOL",NA,173,139,NA,NA,NA,NA,NA,NA,NA,NA,NA,NA,NA
"834","Michael Taaffe","S",NA,190,278,NA,NA,NA,NA,NA,NA,NA,NA,NA,NA,NA
"835","Tyreak Sapp","DL",NA,537,547,NA,NA,NA,NA,NA,NA,NA,NA,NA,NA,NA
